model,institution,experiment
MRI-ESM2-0,MRI,ssp119
MRI-ESM2-0,MRI,ssp126
MRI-ESM2-0,MRI,ssp245
MRI-ESM2-0,MRI,ssp370
MRI-ESM2-0,MRI,ssp585
MPI-ESM1-2-LR,DKRZ,ssp119
MPI-ESM1-2-LR,MPI-M,ssp126
MPI-ESM1-2-LR,MPI-M,ssp245
MPI-ESM1-2-LR,MPI-M,ssp370
MPI-ESM1-2-LR,MPI-M,ssp585
GFDL-ESM4,NOAA-GFDL,ssp119
GFDL-ESM4,NOAA-GFDL,ssp126
GFDL-ESM4,NOAA-GFDL,ssp245
GFDL-ESM4,NOAA-GFDL,ssp370
GFDL-ESM4,NOAA-GFDL,ssp585
UKESM1-0-LL,MOHC,ssp119
UKESM1-0-LL,MOHC,ssp126
UKESM1-0-LL,MOHC,ssp245
UKESM1-0-LL,MOHC,ssp370
UKESM1-0-LL,MOHC,ssp585
IPSL-CM6A-LR,IPSL,ssp119
IPSL-CM6A-LR,IPSL,ssp126
IPSL-CM6A-LR,IPSL,ssp245
IPSL-CM6A-LR,IPSL,ssp370
IPSL-CM6A-LR,IPSL,ssp585
